{
  "iteration": 2,
  "session_id": "747a0f60c2b8467590581715d58e7365",
  "timestamp": 1775953329.775848,
  "duration_ms": 99.44,
  "triggering_constraint": {
    "type": "must_link",
    "confidence": "explicit",
    "source": "rule",
    "timestamp": 1775953327.023765,
    "point_ids": [
      0,
      4,
      5,
      6,
      9,
      12,
      14,
      15,
      17,
      34,
      46,
      49,
      50,
      58,
      60,
      63,
      64,
      69,
      72,
      73,
      90,
      93,
      96,
      100,
      103,
      105,
      108,
      118,
      119,
      122,
      123,
      128,
      137,
      138,
      142,
      144,
      152,
      156,
      158,
      160,
      171,
      180,
      193,
      199,
      203,
      205,
      222,
      228,
      229,
      234,
      239,
      241,
      244,
      246,
      247,
      258,
      273,
      275,
      284,
      291,
      295,
      309
    ]
  },
  "n_points": 320,
  "n_features": 2,
  "n_clusters": 4,
  "n_outliers": 21,
  "n_labeled_normal": 125,
  "n_labeled_outlier": 0,
  "source_filename": "moons.csv"
}