{
  "iteration": 3,
  "session_id": "747a0f60c2b8467590581715d58e7365",
  "timestamp": 1775953350.9116905,
  "duration_ms": 3166.94,
  "triggering_constraint": {
    "type": "must_link",
    "confidence": "explicit",
    "source": "rule",
    "timestamp": 1775953346.711974,
    "point_ids": [
      7,
      18,
      21,
      35,
      51,
      71,
      74,
      83,
      85,
      86,
      97,
      106,
      110,
      115,
      116,
      124,
      127,
      130,
      131,
      133,
      140,
      141,
      143,
      146,
      151,
      165,
      174,
      176,
      179,
      201,
      207,
      209,
      210,
      220,
      226,
      245,
      250,
      252,
      254,
      260,
      267,
      286,
      287,
      292,
      308,
      313
    ]
  },
  "n_points": 320,
  "n_features": 2,
  "n_clusters": 5,
  "n_outliers": 11,
  "n_labeled_normal": 171,
  "n_labeled_outlier": 0,
  "source_filename": "moons.csv"
}