{
  "iteration": 1,
  "session_id": "b1058b38e69c41c9b0fe2f3de87ae277",
  "timestamp": 1775933297.1318367,
  "duration_ms": 1101.46,
  "triggering_constraint": {
    "type": "must_link",
    "confidence": "explicit",
    "source": "rule",
    "timestamp": 1775933296.030373,
    "point_ids": [
      1,
      2,
      16,
      26,
      27,
      28,
      42,
      54,
      55,
      75,
      79,
      98,
      117,
      129,
      134,
      135,
      150,
      154,
      166,
      178,
      182,
      183,
      191,
      196,
      197,
      206,
      211,
      217,
      221,
      223,
      232,
      240,
      266,
      268,
      274,
      283,
      288,
      293,
      298
    ]
  },
  "n_points": 315,
  "n_features": 2,
  "n_clusters": 19,
  "n_outliers": 0,
  "n_labeled_normal": 39,
  "n_labeled_outlier": 0,
  "source_filename": "circles.csv"
}