{
  "iteration": 2,
  "session_id": "7b7154a5aa114a5b8ec6da1654da3c33",
  "timestamp": 1775928703.0543203,
  "duration_ms": 1889.67,
  "triggering_constraint": {
    "type": "must_link",
    "confidence": "explicit",
    "source": "rule",
    "timestamp": 1775928701.1646526,
    "point_ids": [
      0,
      1,
      2,
      4,
      5,
      6,
      9,
      10,
      12,
      14,
      15,
      16,
      17,
      19,
      22,
      23,
      26,
      28,
      29,
      31,
      34,
      42,
      46,
      47,
      49,
      50,
      52,
      55,
      58,
      60,
      63,
      64,
      67,
      69,
      72,
      73,
      75,
      79,
      80,
      81,
      90,
      91,
      93,
      96,
      98,
      100,
      103,
      104,
      105,
      108,
      111,
      113,
      114,
      118,
      119,
      121,
      122,
      123,
      125,
      128,
      129,
      132,
      134,
      135,
      136,
      137,
      138,
      142,
      144,
      145,
      150,
      152,
      153,
      154,
      155,
      156,
      158,
      161,
      166,
      167,
      168,
      171,
      172,
      175,
      180,
      182,
      183,
      185,
      186,
      187,
      191,
      192,
      193,
      194,
      196,
      197,
      199,
      203,
      204,
      205,
      206,
      211,
      214,
      217,
      218,
      221,
      222,
      223,
      225,
      228,
      229,
      231,
      233,
      234,
      238,
      239,
      240,
      241,
      242,
      244,
      246,
      247,
      248,
      262,
      265,
      266,
      268,
      269,
      272,
      273,
      274,
      275,
      276,
      279,
      280,
      282,
      283,
      284,
      285,
      288,
      291,
      293,
      295,
      298,
      303,
      310
    ]
  },
  "n_points": 315,
  "n_features": 2,
  "n_clusters": 20,
  "n_outliers": 11,
  "n_labeled_normal": 170,
  "n_labeled_outlier": 0,
  "source_filename": "circles.csv"
}