{
  "iteration": 1,
  "session_id": "7b7154a5aa114a5b8ec6da1654da3c33",
  "timestamp": 1775928664.1045473,
  "duration_ms": 501.86,
  "triggering_constraint": {
    "type": "must_link",
    "confidence": "explicit",
    "source": "rule",
    "timestamp": 1775928663.5860703,
    "point_ids": [
      20,
      38,
      41,
      44,
      53,
      61,
      76,
      77,
      84,
      87,
      99,
      101,
      112,
      147,
      213,
      227,
      236,
      261,
      270,
      278,
      290,
      296,
      302,
      312
    ]
  },
  "n_points": 315,
  "n_features": 2,
  "n_clusters": 19,
  "n_outliers": 0,
  "n_labeled_normal": 24,
  "n_labeled_outlier": 0,
  "source_filename": "circles.csv"
}