{
  "iteration": 1,
  "session_id": "dd59693f8bd948559114f29dbebf67fc",
  "timestamp": 1775933801.4864604,
  "duration_ms": 2262.55,
  "triggering_constraint": {
    "type": "must_link",
    "confidence": "explicit",
    "source": "rule",
    "timestamp": 1775933799.223908,
    "point_ids": [
      7,
      18,
      20,
      21,
      24,
      35,
      37,
      39,
      40,
      41,
      44,
      48,
      51,
      56,
      57,
      70,
      71,
      74,
      76,
      77,
      83,
      84,
      85,
      86,
      87,
      91,
      97,
      106,
      109,
      110,
      112,
      115,
      116,
      124,
      127,
      130,
      131,
      133,
      140,
      141,
      143,
      146,
      147,
      149,
      151,
      159,
      165,
      170,
      174,
      176,
      179,
      184,
      188,
      201,
      207,
      209,
      210,
      220,
      226,
      227,
      237,
      245,
      250,
      252,
      254,
      255,
      257,
      260,
      264,
      267,
      286,
      287,
      289,
      290,
      292,
      297,
      299,
      308,
      313
    ]
  },
  "n_points": 320,
  "n_features": 2,
  "n_clusters": 10,
  "n_outliers": 0,
  "n_labeled_normal": 79,
  "n_labeled_outlier": 0,
  "source_filename": "moons.csv"
}