{
  "iteration": 1,
  "session_id": "3cf2a76e274948ff89ffc790923822e3",
  "timestamp": 1775950429.906876,
  "duration_ms": 98.59,
  "triggering_constraint": {
    "type": "must_link",
    "confidence": "explicit",
    "source": "rule",
    "timestamp": 1775950426.0698967,
    "point_ids": [
      71,
      74,
      83,
      97,
      106,
      110,
      124,
      130,
      141,
      146,
      165,
      176,
      179,
      201,
      207,
      209,
      210,
      220,
      245,
      252,
      254,
      267,
      287,
      292,
      311
    ]
  },
  "n_points": 315,
  "n_features": 2,
  "n_clusters": 11,
  "n_outliers": 12,
  "n_labeled_normal": 25,
  "n_labeled_outlier": 0,
  "source_filename": "circles.csv"
}