{
  "iteration": 1,
  "session_id": "747a0f60c2b8467590581715d58e7365",
  "timestamp": 1775953298.8112772,
  "duration_ms": 134.6,
  "triggering_constraint": {
    "type": "must_link",
    "confidence": "explicit",
    "source": "rule",
    "timestamp": 1775953296.1259713,
    "point_ids": [
      4,
      10,
      15,
      16,
      22,
      23,
      26,
      27,
      29,
      42,
      46,
      47,
      49,
      52,
      54,
      55,
      60,
      67,
      72,
      75,
      79,
      93,
      98,
      100,
      104,
      105,
      111,
      113,
      114,
      117,
      125,
      129,
      134,
      135,
      145,
      150,
      152,
      154,
      155,
      156,
      166,
      167,
      172,
      175,
      182,
      183,
      185,
      186,
      192,
      194,
      196,
      197,
      206,
      211,
      214,
      217,
      221,
      225,
      231,
      232,
      233,
      238,
      239,
      248,
      262,
      266,
      268,
      269,
      274,
      279,
      280,
      283,
      285,
      293,
      298
    ]
  },
  "n_points": 320,
  "n_features": 2,
  "n_clusters": 4,
  "n_outliers": 18,
  "n_labeled_normal": 75,
  "n_labeled_outlier": 0,
  "source_filename": "moons.csv"
}