{
  "iteration": 2,
  "session_id": "3cf2a76e274948ff89ffc790923822e3",
  "timestamp": 1775950483.3099375,
  "duration_ms": 724.64,
  "triggering_constraint": {
    "type": "must_link",
    "confidence": "explicit",
    "source": "rule",
    "timestamp": 1775950480.737085,
    "point_ids": [
      32,
      33,
      59,
      65,
      66,
      82,
      88,
      94,
      95,
      102,
      107,
      126,
      148,
      163,
      164,
      177,
      189,
      198,
      202,
      224,
      235,
      259,
      281,
      294,
      307
    ]
  },
  "n_points": 315,
  "n_features": 2,
  "n_clusters": 12,
  "n_outliers": 16,
  "n_labeled_normal": 50,
  "n_labeled_outlier": 0,
  "source_filename": "circles.csv"
}